res_id,CCL17_percentage_HL_cohort,CCL17_int_HL_cohort,CCL17_histo_score_HL_cohort,CCL17_histo_score_subset_HL_cohort,CSF2RB_MUT
00-12874,100,3,300,1,CSF2RB-WT
00-13341,100,2,200,1,CSF2RB-WT
00-25346,100,2,200,1,CSF2RB-WT
01-25523,20,2,40,0,CSF2RB-WT
01-28176,100,3,300,1,CSF2RB-WT
02-30997,60,2,120,1,CSF2RB-WT
02-31454,100,3,300,1,CSF2RB-Mutant
02-31677,80,3,240,1,CSF2RB-WT
03-11930,80,3,240,1,CSF2RB-WT
03-13340,30,1,30,0,CSF2RB-Mutant
04-12677,80,2,160,1,CSF2RB-WT
04-30977,100,3,300,1,CSF2RB-WT
04-32704,50,2,100,0,CSF2RB-Mutant
04-32834,80,2,160,1,CSF2RB-Mutant
04-34854,0,0,0,0,CSF2RB-WT
05-10918,0,0,0,0,CSF2RB-WT
06-30595,100,3,300,1,CSF2RB-WT
09-25099,100,3,300,1,CSF2RB-WT
10-16486,100,3,300,1,CSF2RB-WT
10-16871,100,3,300,1,CSF2RB-WT
10-31620,80,2,160,1,CSF2RB-WT
11-10980,80,1,80,0,CSF2RB-Mutant
11-13355,100,3,300,1,CSF2RB-Mutant
11-15381,80,2,160,1,CSF2RB-WT
11-15454,50,1,50,0,CSF2RB-WT
11-17245,80,2,160,1,CSF2RB-WT
11-18046,20,1,20,0,CSF2RB-Mutant
11-18860,100,2,200,1,CSF2RB-WT
11-19662,100,3,300,1,CSF2RB-WT
11-20307,80,1,80,0,CSF2RB-Mutant
11-22061,100,3,300,1,CSF2RB-WT
11-26522,50,1,50,0,CSF2RB-WT
11-27329,80,2,160,1,CSF2RB-WT
11-32574,0,0,0,0,CSF2RB-WT
11-37493,5,1,5,0,CSF2RB-WT
11-37940,100,3,300,1,CSF2RB-Mutant
11-38224,50,2,100,0,CSF2RB-WT
12-10493,100,2,200,1,CSF2RB-Mutant
12-10877,100,2,200,1,CSF2RB-Mutant
12-11884,80,2,160,1,CSF2RB-WT
12-12506,80,3,240,1,CSF2RB-WT
12-16207,100,3,300,1,CSF2RB-WT
12-20226,100,3,300,1,CSF2RB-WT
12-20819,100,2,200,1,CSF2RB-WT
12-31019,50,1,50,0,CSF2RB-WT
12-33182,80,2,160,1,CSF2RB-WT
12-38725,60,2,120,1,CSF2RB-Mutant
12-39704,100,2,200,1,CSF2RB-WT
12-40700,0,0,0,0,CSF2RB-WT
13-12602,100,3,300,1,CSF2RB-WT
13-16229,80,2,160,1,CSF2RB-WT
13-19907,50,1,50,0,CSF2RB-WT
13-21137,100,3,300,1,CSF2RB-Mutant
13-28894,80,2,160,1,CSF2RB-WT
13-29213,80,3,240,1,CSF2RB-WT
13-31772,20,1,20,0,CSF2RB-WT
13-34908,0,0,0,0,CSF2RB-WT
13-35368,50,1,50,0,CSF2RB-Mutant
13-37183,100,3,300,1,CSF2RB-Mutant
13-38253,0,0,0,0,CSF2RB-WT
14-10662,80,2,160,1,CSF2RB-WT
14-11662,60,2,120,1,CSF2RB-WT
14-14798,100,3,300,1,CSF2RB-WT
14-20419,0,0,0,0,CSF2RB-WT
14-22984,0,0,0,0,CSF2RB-WT
14-26638,100,2,200,1,CSF2RB-WT
14-27660,100,3,300,1,CSF2RB-WT
14-34982,10,1,10,0,CSF2RB-WT
14-40513,80,2,160,1,CSF2RB-Mutant
15-12527,100,3,300,1,CSF2RB-WT
15-13329,100,3,300,1,CSF2RB-WT
15-15398,100,2,200,1,CSF2RB-WT
15-16225,0,0,0,0,CSF2RB-WT
15-16602,0,0,0,0,CSF2RB-WT
15-20866,20,1,20,0,CSF2RB-WT
15-22622,20,1,20,0,CSF2RB-WT
15-26278,100,3,300,1,CSF2RB-WT
15-42098,100,3,300,1,CSF2RB-WT
16-23580,100,3,300,1,CSF2RB-Mutant
16-24667,5,1,5,0,CSF2RB-WT
16-37183,80,3,240,1,CSF2RB-WT
16-39845,5,1,5,0,CSF2RB-WT
16-40227,100,3,300,1,CSF2RB-WT
17-11527,90,3,270,1,CSF2RB-WT
17-16766,60,2,120,1,CSF2RB-WT
17-17711,0,0,0,0,CSF2RB-WT
17-24113,0,0,0,0,CSF2RB-WT
17-33404,0,0,0,0,CSF2RB-WT
17-43662,20,1,20,0,CSF2RB-WT
17-45383,100,3,300,1,CSF2RB-WT
18-15597,100,2,200,1,CSF2RB-Mutant
18-24413,100,3,300,1,CSF2RB-WT
18-30019,90,3,270,1,CSF2RB-Mutant
18-33412,100,3,300,1,CSF2RB-WT
19-13278,80,2,160,1,CSF2RB-WT
19-46470,100,3,300,1,CSF2RB-WT
84-33299,60,2,120,1,CSF2RB-Mutant
89-30852,90,3,270,1,CSF2RB-WT
90-32125,100,3,300,1,CSF2RB-WT
91-31066,90,1,90,0,CSF2RB-WT
91-31437,100,3,300,1,CSF2RB-Mutant
91-32144,80,2,160,1,CSF2RB-WT
96-34320,100,2,200,1,CSF2RB-Mutant
98-25996,100,3,300,1,CSF2RB-WT
